Workbook

Sheet 特殊强化预览
A1: 小厨西 · 特殊强化预览
A2: 本页展示当前有效候选池及前置关系。候选仍由运行时从“当前有效项”完全随机抽取三个不同选项；Excel 只允许项目已经支持的固定效果类型。
A5: 全局等级规则
A6: 参数 | B6: 当前值
A7: 食材最高等级 | B7: =全局规则!B4
A8: 每级自身满足倍率 | B8: =全局规则!B5
A10: 当前特殊候选池
A11: 强化ID | B11: 显示名称 | C11: 效果类型 | D11: 目标ID | E11: 效果数值 | F11: 可重复 | G11: 启用 | H11: 获得说明 | I11: 升级说明 | J11: 进入候选条件
A12: =特殊强化!A2 | B12: =特殊强化!B2 | C12: =特殊强化!C2 | D12: =IF(特殊强化!D2="","",特殊强化!D2) | E12: =特殊强化!E2 | F12: =特殊强化!F2 | G12: =特殊强化!G2 | H12: =特殊强化!H2 | I12: =IF(特殊强化!I2="","",特殊强化!I2) | J12: 未拥有或尚未达到最高等级
A13: =特殊强化!A3 | B13: =特殊强化!B3 | C13: =特殊强化!C3 | D13: =IF(特殊强化!D3="","",特殊强化!D3) | E13: =特殊强化!E3 | F13: =特殊强化!F3 | G13: =特殊强化!G3 | H13: =特殊强化!H3 | I13: =IF(特殊强化!I3="","",特殊强化!I3) | J13: 未拥有或尚未达到最高等级
A14: =特殊强化!A4 | B14: =特殊强化!B4 | C14: =特殊强化!C4 | D14: =IF(特殊强化!D4="","",特殊强化!D4) | E14: =特殊强化!E4 | F14: =特殊强化!F4 | G14: =特殊强化!G4 | H14: =特殊强化!H4 | I14: =IF(特殊强化!I4="","",特殊强化!I4) | J14: 未拥有或尚未达到最高等级
A15: =特殊强化!A5 | B15: =特殊强化!B5 | C15: =特殊强化!C5 | D15: =IF(特殊强化!D5="","",特殊强化!D5) | E15: =特殊强化!E5 | F15: =特殊强化!F5 | G15: =特殊强化!G5 | H15: =特殊强化!H5 | I15: =IF(特殊强化!I5="","",特殊强化!I5) | J15: 始终有效
A16: =特殊强化!A6 | B16: =特殊强化!B6 | C16: =特殊强化!C6 | D16: =IF(特殊强化!D6="","",特殊强化!D6) | E16: =特殊强化!E6 | F16: =特殊强化!F6 | G16: =特殊强化!G6 | H16: =特殊强化!H6 | I16: =IF(特殊强化!I6="","",特殊强化!I6) | J16: 已拥有目标食材且尚未取得该效果
A17: =特殊强化!A7 | B17: =特殊强化!B7 | C17: =特殊强化!C7 | D17: =IF(特殊强化!D7="","",特殊强化!D7) | E17: =特殊强化!E7 | F17: =特殊强化!F7 | G17: =特殊强化!G7 | H17: =特殊强化!H7 | I17: =IF(特殊强化!I7="","",特殊强化!I7) | J17: 已拥有目标食材且尚未取得该效果
A18: =特殊强化!A8 | B18: =特殊强化!B8 | C18: =特殊强化!C8 | D18: =IF(特殊强化!D8="","",特殊强化!D8) | E18: =特殊强化!E8 | F18: =特殊强化!F8 | G18: =特殊强化!G8 | H18: =特殊强化!H8 | I18: =IF(特殊强化!I8="","",特殊强化!I8) | J18: 已拥有目标食材且尚未取得该效果
A19: =特殊强化!A9 | B19: =特殊强化!B9 | C19: =特殊强化!C9 | D19: =IF(特殊强化!D9="","",特殊强化!D9) | E19: =特殊强化!E9 | F19: =特殊强化!F9 | G19: =特殊强化!G9 | H19: =特殊强化!H9 | I19: =IF(特殊强化!I9="","",特殊强化!I9) | J19: 始终有效

Sheet 特殊强化
A1: 强化ID | B1: 显示名称 | C1: 效果类型 | D1: 目标ID | E1: 效果数值 | F1: 可重复 | G1: 启用 | H1: 获得说明 | I1: 升级说明
A2: potato | B2: 土豆 | C2: food_card | D2: potato | E2: 1 | F2: TRUE | G2: TRUE | H2: 获得新食材并加入自动投喂 | I2: 提高自身基础满足值
A3: baguette | B3: 法棍 | C3: food_card | D3: baguette | E3: 1 | F3: TRUE | G3: TRUE | H3: 获得新食材并加入自动投喂 | I3: 提高自身基础满足值
A4: mushroom | B4: 蘑菇 | C4: food_card | D4: mushroom | E4: 1 | F4: TRUE | G4: TRUE | H4: 获得新食材并加入自动投喂 | I4: 提高自身基础满足值
A5: serving | B5: 全局加量 | C5: serving | E5: 1 | F5: TRUE | G5: TRUE | H5: 当前与未来食材增加攻击份数
A6: potato_aim | B6: 瞄准投喂 | C6: target_aim | D6: potato | E6: 1 | F6: FALSE | G6: TRUE | H6: 土豆发射时朝向当前目标
A7: baguette_giant | B7: 巨型法棍 | C7: evolution | D7: baguette | E7: 1 | F7: FALSE | G7: TRUE | H7: 以3秒基础间隔额外发射一根横跨四格、滚动直行的巨型法棍
A8: mushroom_breath | B8: 呼吸菌圈 | C8: evolution | D8: mushroom | E8: 1 | F8: FALSE | G8: TRUE | H8: 蘑菇环绕半径按武器表周期与倍率呼吸
A9: soy_sauce | B9: 酱油 | C9: pierce | E9: 1 | F9: TRUE | G9: TRUE | H9: 提高全部食材可命中目标数

Sheet 全局规则
A1: 参数ID | B1: 数值 | C1: 说明 | D1: 修改影响
A2: schema_id | B2: xiaochuxi.special_upgrades | C2: 表结构标识，请勿修改 | D2: 不参与玩法
A3: schema_version | B3: 1 | C3: 结构版本，请勿修改 | D3: 不参与玩法
A4: food_max_level | B4: 3 | C4: 食材卡可提升到的最高等级 | D4: 改变食材卡退出候选池的时机
A5: food_level_satisfaction_multiplier | B5: 2.25 | C5: 每升一级的自身基础满足倍率 | D5: 按倍率的等级次方计算

Sheet 说明
A1: 项目 | B1: 说明
A2: 生效方式 | B2: 保存并关闭后重新开始本局；新一局会重建候选池和等级规则，运行中的选择界面不热替换。
A3: 效果边界 | B3: 效果类型只能使用下拉列表中的固定值，Excel 不能指定脚本、方法或任意代码。
A4: 候选有效性 | B4: 食材卡受最高等级限制；瞄准和进化要求先持有目标食材；可重复全局牌可以反复出现。
A5: 武器联动 | B5: 呼吸菌圈与巨型法棍的攻击参数均来自武器.xlsx；本表只负责解锁对应进化。
A6: 失败回退 | B6: 文件缺失、候选少于三项或数据非法时，游戏使用 run_3d.gd 中当前八项实验池。
