Workbook

Sheet 时间轴预览
A1: 小厨西 · 时间轴策划预览
A2: 黄色单元格在“配置 / 事件”页修改；本页全部自动联动。曲线使用0～135秒前段与135～270秒晚段，普通波次节奏也由配置页控制；事件时间仍是请求时刻，生成安全距离不足时可能顺延。
A5: 核心曲线参数 | H5: 时间(s) | I5: 基准胃口
A6: 参数 | B6: 当前值 | D6: 事件概览 | E6: 当前值 | H6: ='配置'!$B$9*0/9 | I6: =ROUND(IF(H6<='配置'!$B$6,'配置'!$B$4+('配置'!$B$5-'配置'!$B$4)*POWER(MIN(MAX(H6/'配置'!$B$6,0),1),'配置'!$B$7),'配置'!$B$5+('配置'!$B$8-'配置'!$B$5)*POWER(MIN(MAX((H6-'配置'!$B$6)/('配置'!$B$9-'配置'!$B$6),0),1),'配置'!$B$10)),0)
A7: 起始胃口 | B7: ='配置'!B4 | D7: 显式事件数 | E7: =COUNTA(事件!B2:B100) | H7: ='配置'!$B$9*1/9 | I7: =ROUND(IF(H7<='配置'!$B$6,'配置'!$B$4+('配置'!$B$5-'配置'!$B$4)*POWER(MIN(MAX(H7/'配置'!$B$6,0),1),'配置'!$B$7),'配置'!$B$5+('配置'!$B$8-'配置'!$B$5)*POWER(MIN(MAX((H7-'配置'!$B$6)/('配置'!$B$9-'配置'!$B$6),0),1),'配置'!$B$10)),0)
A8: 135秒胃口 | B8: ='配置'!B5 | D8: 普通强化门数 | E8: =COUNTIF(事件!C2:C100,"普通强化门") | H8: ='配置'!$B$9*2/9 | I8: =ROUND(IF(H8<='配置'!$B$6,'配置'!$B$4+('配置'!$B$5-'配置'!$B$4)*POWER(MIN(MAX(H8/'配置'!$B$6,0),1),'配置'!$B$7),'配置'!$B$5+('配置'!$B$8-'配置'!$B$5)*POWER(MIN(MAX((H8-'配置'!$B$6)/('配置'!$B$9-'配置'!$B$6),0),1),'配置'!$B$10)),0)
A9: 晚段终点胃口 | B9: ='配置'!B8 | D9: 波次阶段阈值(s) | E9: =TEXT('配置'!B13,"0")&" / "&TEXT('配置'!B14,"0") | H9: ='配置'!$B$9*3/9 | I9: =ROUND(IF(H9<='配置'!$B$6,'配置'!$B$4+('配置'!$B$5-'配置'!$B$4)*POWER(MIN(MAX(H9/'配置'!$B$6,0),1),'配置'!$B$7),'配置'!$B$5+('配置'!$B$8-'配置'!$B$5)*POWER(MIN(MAX((H9-'配置'!$B$6)/('配置'!$B$9-'配置'!$B$6),0),1),'配置'!$B$10)),0)
A10: 晚段结束时间(s) | B10: ='配置'!B9 | D10: 前/中/晚间隔(s) | E10: =TEXT('配置'!B15,"0.0")&" / "&TEXT('配置'!B16,"0.0")&" / "&TEXT('配置'!B17,"0.0") | H10: ='配置'!$B$9*4/9 | I10: =ROUND(IF(H10<='配置'!$B$6,'配置'!$B$4+('配置'!$B$5-'配置'!$B$4)*POWER(MIN(MAX(H10/'配置'!$B$6,0),1),'配置'!$B$7),'配置'!$B$5+('配置'!$B$8-'配置'!$B$5)*POWER(MIN(MAX((H10-'配置'!$B$6)/('配置'!$B$9-'配置'!$B$6),0),1),'配置'!$B$10)),0)
H11: ='配置'!$B$9*5/9 | I11: =ROUND(IF(H11<='配置'!$B$6,'配置'!$B$4+('配置'!$B$5-'配置'!$B$4)*POWER(MIN(MAX(H11/'配置'!$B$6,0),1),'配置'!$B$7),'配置'!$B$5+('配置'!$B$8-'配置'!$B$5)*POWER(MIN(MAX((H11-'配置'!$B$6)/('配置'!$B$9-'配置'!$B$6),0),1),'配置'!$B$10)),0)
H12: ='配置'!$B$9*6/9 | I12: =ROUND(IF(H12<='配置'!$B$6,'配置'!$B$4+('配置'!$B$5-'配置'!$B$4)*POWER(MIN(MAX(H12/'配置'!$B$6,0),1),'配置'!$B$7),'配置'!$B$5+('配置'!$B$8-'配置'!$B$5)*POWER(MIN(MAX((H12-'配置'!$B$6)/('配置'!$B$9-'配置'!$B$6),0),1),'配置'!$B$10)),0)
H13: ='配置'!$B$9*7/9 | I13: =ROUND(IF(H13<='配置'!$B$6,'配置'!$B$4+('配置'!$B$5-'配置'!$B$4)*POWER(MIN(MAX(H13/'配置'!$B$6,0),1),'配置'!$B$7),'配置'!$B$5+('配置'!$B$8-'配置'!$B$5)*POWER(MIN(MAX((H13-'配置'!$B$6)/('配置'!$B$9-'配置'!$B$6),0),1),'配置'!$B$10)),0)
H14: ='配置'!$B$9*8/9 | I14: =ROUND(IF(H14<='配置'!$B$6,'配置'!$B$4+('配置'!$B$5-'配置'!$B$4)*POWER(MIN(MAX(H14/'配置'!$B$6,0),1),'配置'!$B$7),'配置'!$B$5+('配置'!$B$8-'配置'!$B$5)*POWER(MIN(MAX((H14-'配置'!$B$6)/('配置'!$B$9-'配置'!$B$6),0),1),'配置'!$B$10)),0)
H15: ='配置'!$B$9*9/9 | I15: =ROUND(IF(H15<='配置'!$B$6,'配置'!$B$4+('配置'!$B$5-'配置'!$B$4)*POWER(MIN(MAX(H15/'配置'!$B$6,0),1),'配置'!$B$7),'配置'!$B$5+('配置'!$B$8-'配置'!$B$5)*POWER(MIN(MAX((H15-'配置'!$B$6)/('配置'!$B$9-'配置'!$B$6),0),1),'配置'!$B$10)),0)
A20: 显式事件压力预览与调参说明
A21: 请求时间(s) | B21: 事件ID | C21: 类型 | D21: 基准胃口 | E21: 普通p0 | F21: 普通p1 | G21: 快速p0 | H21: 远程p1 | I21: 门基础范围 | J21: 参数含义与修改方向
A22: =事件!A2 | B22: =事件!B2 | C22: =事件!C2 | D22: =事件!E2 | E22: =事件!F2 | F22: =事件!G2 | G22: =事件!H2 | H22: =事件!K2 | I22: =TEXT(事件!M2,"0")&"–"&TEXT(事件!N2,"0") | J22: 前段起始胃口 | K22: 控制开局食客、门与漏怪伤害基准；本轮保持15不变。
A23: =事件!A3 | B23: =事件!B3 | C23: =事件!C3 | D23: =事件!E3 | E23: =事件!F3 | F23: =事件!G3 | G23: =事件!H3 | H23: =事件!K3 | I23: =TEXT(事件!M3,"0")&"–"&TEXT(事件!N3,"0") | J23: 135秒胃口 | K23: 前段终点保持350；保证0～135秒压力完全不变。
A24: =事件!A4 | B24: =事件!B4 | C24: =事件!C4 | D24: =事件!E4 | E24: =事件!F4 | F24: =事件!G4 | G24: =事件!H4 | H24: =事件!K4 | I24: =TEXT(事件!M4,"0")&"–"&TEXT(事件!N4,"0") | J24: 晚段终点胃口 | K24: 控制135秒后持续压力；首轮1200，过易或过难优先在±15%内调整。
A25: =事件!A5 | B25: =事件!B5 | C25: =事件!C5 | D25: =事件!E5 | E25: =事件!F5 | F25: =事件!G5 | G25: =事件!H5 | H25: =事件!K5 | I25: =TEXT(事件!M5,"0")&"–"&TEXT(事件!N5,"0") | J25: 两段时间与指数 | K25: 前段15→350/135秒/2.1；晚段350→1200/270秒/1.3，270秒后封顶。
A26: =事件!A6 | B26: =事件!B6 | C26: =事件!C6 | D26: =事件!E6 | E26: =事件!F6 | F26: =事件!G6 | G26: =事件!H6 | H26: =事件!K6 | I26: =TEXT(事件!M6,"0")&"–"&TEXT(事件!N6,"0") | J26: 事件时间 | K26: 29条事件时间保持不变；安全距离不足时仍会排队，实机出现可能稍晚。
A27: =事件!A7 | B27: =事件!B7 | C27: =事件!C7 | D27: =事件!E7 | E27: =事件!F7 | F27: =事件!G7 | G27: =事件!H7 | H27: =事件!K7 | I27: =TEXT(事件!M7,"0")&"–"&TEXT(事件!N7,"0") | J27: 普通波次 | K27: 配置页控制8～360秒波次；78/135秒切段，间隔为3.2/2.8/3.2秒。
A28: =事件!A8 | B28: =事件!B8 | C28: =事件!C8 | D28: =事件!E8 | E28: =事件!F8 | F28: =事件!G8 | G28: =事件!H8 | H28: =事件!K8 | I28: =TEXT(事件!M8,"0")&"–"&TEXT(事件!N8,"0")
A29: =事件!A9 | B29: =事件!B9 | C29: =事件!C9 | D29: =事件!E9 | E29: =事件!F9 | F29: =事件!G9 | G29: =事件!H9 | H29: =事件!K9 | I29: =TEXT(事件!M9,"0")&"–"&TEXT(事件!N9,"0")
A30: =事件!A10 | B30: =事件!B10 | C30: =事件!C10 | D30: =事件!E10 | E30: =事件!F10 | F30: =事件!G10 | G30: =事件!H10 | H30: =事件!K10 | I30: =TEXT(事件!M10,"0")&"–"&TEXT(事件!N10,"0")
A31: =事件!A11 | B31: =事件!B11 | C31: =事件!C11 | D31: =事件!E11 | E31: =事件!F11 | F31: =事件!G11 | G31: =事件!H11 | H31: =事件!K11 | I31: =TEXT(事件!M11,"0")&"–"&TEXT(事件!N11,"0")
A32: =事件!A12 | B32: =事件!B12 | C32: =事件!C12 | D32: =事件!E12 | E32: =事件!F12 | F32: =事件!G12 | G32: =事件!H12 | H32: =事件!K12 | I32: =TEXT(事件!M12,"0")&"–"&TEXT(事件!N12,"0")
A33: =事件!A13 | B33: =事件!B13 | C33: =事件!C13 | D33: =事件!E13 | E33: =事件!F13 | F33: =事件!G13 | G33: =事件!H13 | H33: =事件!K13 | I33: =TEXT(事件!M13,"0")&"–"&TEXT(事件!N13,"0")
A34: =事件!A14 | B34: =事件!B14 | C34: =事件!C14 | D34: =事件!E14 | E34: =事件!F14 | F34: =事件!G14 | G34: =事件!H14 | H34: =事件!K14 | I34: =TEXT(事件!M14,"0")&"–"&TEXT(事件!N14,"0")
A35: =事件!A15 | B35: =事件!B15 | C35: =事件!C15 | D35: =事件!E15 | E35: =事件!F15 | F35: =事件!G15 | G35: =事件!H15 | H35: =事件!K15 | I35: =TEXT(事件!M15,"0")&"–"&TEXT(事件!N15,"0")
A36: =事件!A16 | B36: =事件!B16 | C36: =事件!C16 | D36: =事件!E16 | E36: =事件!F16 | F36: =事件!G16 | G36: =事件!H16 | H36: =事件!K16 | I36: =TEXT(事件!M16,"0")&"–"&TEXT(事件!N16,"0")
A38: 策划修改须知
A39: 1 | B39: 只修改黄色单元格；预览页和蓝色公式区不需要手填。
A40: 2 | B40: 保存并关闭 Excel 后，重新开始本局或重新运行 run.tscn 才会重新读取。
A41: 3 | B41: 事件按行顺序读取，请求时间必须从小到大或相等；事件ID必须保持唯一且受支持。
A42: 4 | B42: 文件缺失或数据非法时会回退到 data/timelines/vertical_slice.tres，并在输出面板提示。

Sheet 配置
A1: 参数ID | B1: 数值 | C1: 说明 | D1: 对游戏的影响 | E1: 修改建议
A2: schema_id | B2: xiaochuxi.encounter_timeline | C2: 表结构标识，请勿修改 | D2: 用于确认这是小厨西时间轴表 | E2: 不要修改
A3: schema_version | B3: 2 | C3: 表结构版本，请勿修改 | D3: 用于识别表结构兼容性 | E3: 不要修改
A4: baseline_appetite_start | B4: 15 | C4: 基准胃口曲线起点 | D4: 决定开局食客、门和漏怪伤害的基准 | E4: 开局太难时优先降低
A5: baseline_appetite_end | B5: 350 | C5: 前段基准胃口终点 | D5: 决定0～135秒前段曲线终点 | E5: 前135秒过难时降低
A6: baseline_appetite_end_time | B6: 135 | C6: 前段达到终点胃口的时间（秒） | D6: 前段曲线在此时刻结束并衔接晚段 | E6: 当前前段保持135秒
A7: baseline_appetite_exponent | B7: 2.1 | C7: 前段曲线指数 | D7: 只控制0～135秒；大于1时前缓后陡 | E7: 当前前段保持2.1
A8: baseline_appetite_late_end | B8: 1200 | C8: 晚段基准胃口终点 | D8: 决定135秒后至Boss前的持续压力 | E8: 过易或过难时优先在±15%内调整
A9: baseline_appetite_late_end_time | B9: 120 | C9: 晚段曲线结束时间（秒） | D9: 此后基准胃口固定为晚段终点 | E9: 当前与Boss请求时间一致
A10: baseline_appetite_late_exponent | B10: 1.3 | C10: 晚段曲线指数 | D10: 只控制135～270秒的增长形状 | E10: 大于1时前缓后陡
A11: normal_wave_start_time | B11: 8 | C11: 普通波次开始时间（秒） | D11: 控制第一波普通食客的原定时刻 | E11: 当前保持8秒
A12: normal_wave_end_time | B12: 360 | C12: 普通波次结束时间（秒） | D12: 到达该时刻后不再安排新普通波次 | E12: 覆盖Boss后复跑段
A13: normal_wave_early_end_time | B13: 78 | C13: 前段波次结束阈值（秒） | D13: 达到该时刻后使用中段间隔 | E13: 必须不早于波次开始
A14: normal_wave_mid_end_time | B14: 135 | C14: 中段波次结束阈值（秒） | D14: 达到该时刻后使用晚段间隔 | E14: 当前与两段胃口交界一致
... A17: normal_wave_interval_late | B17: 3.2 | C17: 晚段普通波次间隔（秒） | D17: 135～360秒使用 | E17: 画面拥挤时按0.2秒步长调整

Sheet 事件
A1: 请求时间(s) | B1: 事件ID | C1: 类型 | D1: 说明 | E1: 基准胃口 | F1: 普通p0 | G1: 普通p1 | H1: 快速p0 | I1: 快速p1 | J1: 远程p0 | K1: 远程p1 | L1: 精英胃口 | M1: 门基础最低 | N1: 门基础最高
A2: 2 | B2: start_gate | C2: 开局食材门 | D2: 开局食材门，提供第一组构筑选择 | E2: =ROUND(IF(A2<='配置'!$B$6,'配置'!$B$4+('配置'!$B$5-'配置'!$B$4)*POWER(MIN(MAX(A2/'配置'!$B$6,0),1),'配置'!$B$7),'配置'!$B$5+('配置'!$B$8-'配置'!$B$5)*POWER(MIN(MAX((A2-'配置'!$B$6)/('配置'!$B$9-'配置'!$B$6),0),1),'配置'!$B$10)),0) | F2: =ROUND(E2,0) | G2: =ROUND(E2*2,0) | H2: =ROUND(E2*0.75,0) | I2: =ROUND(E2*1.5,0) | J2: =ROUND(E2*1.5,0) | K2: =ROUND(E2*3,0) | L2: =ROUND(E2*5.625,0) | M2: =ROUND(E2,0) | N2: =ROUND(E2*2,0)
A3: 18 | B3: gate_0 | C3: 普通强化门 | D3: 普通强化门，请求后仍受安全生成距离约束 | E3: =ROUND(IF(A3<='配置'!$B$6,'配置'!$B$4+('配置'!$B$5-'配置'!$B$4)*POWER(MIN(MAX(A3/'配置'!$B$6,0),1),'配置'!$B$7),'配置'!$B$5+('配置'!$B$8-'配置'!$B$5)*POWER(MIN(MAX((A3-'配置'!$B$6)/('配置'!$B$9-'配置'!$B$6),0),1),'配置'!$B$10)),0) | F3: =ROUND(E3,0) | G3: =ROUND(E3*2,0) | H3: =ROUND(E3*0.75,0) | I3: =ROUND(E3*1.5,0) | J3: =ROUND(E3*1.5,0) | K3: =ROUND(E3*3,0) | L3: =ROUND(E3*5.625,0) | M3: =ROUND(E3,0) | N3: =ROUND(E3*2,0)
A4: 30 | B4: gate_1 | C4: 普通强化门 | D4: 普通强化门，请求后仍受安全生成距离约束 | E4: =ROUND(IF(A4<='配置'!$B$6,'配置'!$B$4+('配置'!$B$5-'配置'!$B$4)*POWER(MIN(MAX(A4/'配置'!$B$6,0),1),'配置'!$B$7),'配置'!$B$5+('配置'!$B$8-'配置'!$B$5)*POWER(MIN(MAX((A4-'配置'!$B$6)/('配置'!$B$9-'配置'!$B$6),0),1),'配置'!$B$10)),0) | F4: =ROUND(E4,0) | G4: =ROUND(E4*2,0) | H4: =ROUND(E4*0.75,0) | I4: =ROUND(E4*1.5,0) | J4: =ROUND(E4*1.5,0) | K4: =ROUND(E4*3,0) | L4: =ROUND(E4*5.625,0) | M4: =ROUND(E4,0) | N4: =ROUND(E4*2,0)
A5: 42 | B5: gate_2 | C5: 普通强化门 | D5: 普通强化门，请求后仍受安全生成距离约束 | E5: =ROUND(IF(A5<='配置'!$B$6,'配置'!$B$4+('配置'!$B$5-'配置'!$B$4)*POWER(MIN(MAX(A5/'配置'!$B$6,0),1),'配置'!$B$7),'配置'!$B$5+('配置'!$B$8-'配置'!$B$5)*POWER(MIN(MAX((A5-'配置'!$B$6)/('配置'!$B$9-'配置'!$B$6),0),1),'配置'!$B$10)),0) | F5: =ROUND(E5,0) | G5: =ROUND(E5*2,0) | H5: =ROUND(E5*0.75,0) | I5: =ROUND(E5*1.5,0) | J5: =ROUND(E5*1.5,0) | K5: =ROUND(E5*3,0) | L5: =ROUND(E5*5.625,0) | M5: =ROUND(E5,0) | N5: =ROUND(E5*2,0)
A6: 54 | B6: gate_3 | C6: 普通强化门 | D6: 普通强化门，请求后仍受安全生成距离约束 | E6: =ROUND(IF(A6<='配置'!$B$6,'配置'!$B$4+('配置'!$B$5-'配置'!$B$4)*POWER(MIN(MAX(A6/'配置'!$B$6,0),1),'配置'!$B$7),'配置'!$B$5+('配置'!$B$8-'配置'!$B$5)*POWER(MIN(MAX((A6-'配置'!$B$6)/('配置'!$B$9-'配置'!$B$6),0),1),'配置'!$B$10)),0) | F6: =ROUND(E6,0) | G6: =ROUND(E6*2,0) | H6: =ROUND(E6*0.75,0) | I6: =ROUND(E6*1.5,0) | J6: =ROUND(E6*1.5,0) | K6: =ROUND(E6*3,0) | L6: =ROUND(E6*5.625,0) | M6: =ROUND(E6,0) | N6: =ROUND(E6*2,0)
A7: 60 | B7: elite | C7: 精英 | D7: 精英检查；满足后进入特殊强化选择 | E7: =ROUND(IF(A7<='配置'!$B$6,'配置'!$B$4+('配置'!$B$5-'配置'!$B$4)*POWER(MIN(MAX(A7/'配置'!$B$6,0),1),'配置'!$B$7),'配置'!$B$5+('配置'!$B$8-'配置'!$B$5)*POWER(MIN(MAX((A7-'配置'!$B$6)/('配置'!$B$9-'配置'!$B$6),0),1),'配置'!$B$10)),0) | F7: =ROUND(E7,0) | G7: =ROUND(E7*2,0) | H7: =ROUND(E7*0.75,0) | I7: =ROUND(E7*1.5,0) | J7: =ROUND(E7*1.5,0) | K7: =ROUND(E7*3,0) | L7: =ROUND(E7*5.625,0) | M7: =ROUND(E7,0) | N7: =ROUND(E7*2,0)
A8: 72 | B8: gate_4 | C8: 普通强化门 | D8: 普通强化门，请求后仍受安全生成距离约束 | E8: =ROUND(IF(A8<='配置'!$B$6,'配置'!$B$4+('配置'!$B$5-'配置'!$B$4)*POWER(MIN(MAX(A8/'配置'!$B$6,0),1),'配置'!$B$7),'配置'!$B$5+('配置'!$B$8-'配置'!$B$5)*POWER(MIN(MAX((A8-'配置'!$B$6)/('配置'!$B$9-'配置'!$B$6),0),1),'配置'!$B$10)),0) | F8: =ROUND(E8,0) | G8: =ROUND(E8*2,0) | H8: =ROUND(E8*0.75,0) | I8: =ROUND(E8*1.5,0) | J8: =ROUND(E8*1.5,0) | K8: =ROUND(E8*3,0) | L8: =ROUND(E8*5.625,0) | M8: =ROUND(E8,0) | N8: =ROUND(E8*2,0)
A9: 84 | B9: gate_5 | C9: 普通强化门 | D9: 普通强化门，请求后仍受安全生成距离约束 | E9: =ROUND(IF(A9<='配置'!$B$6,'配置'!$B$4+('配置'!$B$5-'配置'!$B$4)*POWER(MIN(MAX(A9/'配置'!$B$6,0),1),'配置'!$B$7),'配置'!$B$5+('配置'!$B$8-'配置'!$B$5)*POWER(MIN(MAX((A9-'配置'!$B$6)/('配置'!$B$9-'配置'!$B$6),0),1),'配置'!$B$10)),0) | F9: =ROUND(E9,0) | G9: =ROUND(E9*2,0) | H9: =ROUND(E9*0.75,0) | I9: =ROUND(E9*1.5,0) | J9: =ROUND(E9*1.5,0) | K9: =ROUND(E9*3,0) | L9: =ROUND(E9*5.625,0) | M9: =ROUND(E9,0) | N9: =ROUND(E9*2,0)
A10: 96 | B10: gate_6 | C10: 普通强化门 | D10: 普通强化门，请求后仍受安全生成距离约束 | E10: =ROUND(IF(A10<='配置'!$B$6,'配置'!$B$4+('配置'!$B$5-'配置'!$B$4)*POWER(MIN(MAX(A10/'配置'!$B$6,0),1),'配置'!$B$7),'配置'!$B$5+('配置'!$B$8-'配置'!$B$5)*POWER(MIN(MAX((A10-'配置'!$B$6)/('配置'!$B$9-'配置'!$B$6),0),1),'配置'!$B$10)),0) | F10: =ROUND(E10,0) | G10: =ROUND(E10*2,0) | H10: =ROUND(E10*0.75,0) | I10: =ROUND(E10*1.5,0) | J10: =ROUND(E10*1.5,0) | K10: =ROUND(E10*3,0) | L10: =ROUND(E10*5.625,0) | M10: =ROUND(E10,0) | N10: =ROUND(E10*2,0)
A11: 108 | B11: gate_7 | C11: 普通强化门 | D11: 普通强化门，请求后仍受安全生成距离约束 | E11: =ROUND(IF(A11<='配置'!$B$6,'配置'!$B$4+('配置'!$B$5-'配置'!$B$4)*POWER(MIN(MAX(A11/'配置'!$B$6,0),1),'配置'!$B$7),'配置'!$B$5+('配置'!$B$8-'配置'!$B$5)*POWER(MIN(MAX((A11-'配置'!$B$6)/('配置'!$B$9-'配置'!$B$6),0),1),'配置'!$B$10)),0) | F11: =ROUND(E11,0) | G11: =ROUND(E11*2,0) | H11: =ROUND(E11*0.75,0) | I11: =ROUND(E11*1.5,0) | J11: =ROUND(E11*1.5,0) | K11: =ROUND(E11*3,0) | L11: =ROUND(E11*5.625,0) | M11: =ROUND(E11,0) | N11: =ROUND(E11*2,0)
A12: 120 | B12: gate_8 | C12: 普通强化门 | D12: 普通强化门，请求后仍受安全生成距离约束 | E12: =ROUND(IF(A12<='配置'!$B$6,'配置'!$B$4+('配置'!$B$5-'配置'!$B$4)*POWER(MIN(MAX(A12/'配置'!$B$6,0),1),'配置'!$B$7),'配置'!$B$5+('配置'!$B$8-'配置'!$B$5)*POWER(MIN(MAX((A12-'配置'!$B$6)/('配置'!$B$9-'配置'!$B$6),0),1),'配置'!$B$10)),0) | F12: =ROUND(E12,0) | G12: =ROUND(E12*2,0) | H12: =ROUND(E12*0.75,0) | I12: =ROUND(E12*1.5,0) | J12: =ROUND(E12*1.5,0) | K12: =ROUND(E12*3,0) | L12: =ROUND(E12*5.625,0) | M12: =ROUND(E12,0) | N12: =ROUND(E12*2,0)
A13: 132 | B13: gate_9 | C13: 普通强化门 | D13: 普通强化门，请求后仍受安全生成距离约束 | E13: =ROUND(IF(A13<='配置'!$B$6,'配置'!$B$4+('配置'!$B$5-'配置'!$B$4)*POWER(MIN(MAX(A13/'配置'!$B$6,0),1),'配置'!$B$7),'配置'!$B$5+('配置'!$B$8-'配置'!$B$5)*POWER(MIN(MAX((A13-'配置'!$B$6)/('配置'!$B$9-'配置'!$B$6),0),1),'配置'!$B$10)),0) | F13: =ROUND(E13,0) | G13: =ROUND(E13*2,0) | H13: =ROUND(E13*0.75,0) | I13: =ROUND(E13*1.5,0) | J13: =ROUND(E13*1.5,0) | K13: =ROUND(E13*3,0) | L13: =ROUND(E13*5.625,0) | M13: =ROUND(E13,0) | N13: =ROUND(E13*2,0)
... A30: 352 | B30: gate_23 | C30: 普通强化门 | D30: Boss后复跑门；立即验证第四次特殊强化 | E30: =ROUND(IF(A30<='配置'!$B$6,'配置'!$B$4+('配置'!$B$5-'配置'!$B$4)*POWER(MIN(MAX(A30/'配置'!$B$6,0),1),'配置'!$B$7),'配置'!$B$5+('配置'!$B$8-'配置'!$B$5)*POWER(MIN(MAX((A30-'配置'!$B$6)/('配置'!$B$9-'配置'!$B$6),0),1),'配置'!$B$10)),0) | F30: =ROUND(E30,0) | G30: =ROUND(E30*2,0) | H30: =ROUND(E30*0.75,0) | I30: =ROUND(E30*1.5,0) | J30: =ROUND(E30*1.5,0) | K30: =ROUND(E30*3,0) | L30: =ROUND(E30*5.625,0) | M30: =ROUND(E30,0) | N30: =ROUND(E30*2,0)

Sheet 说明
A1: 项目 | B1: 说明
A2: 推荐入口 | B2: 先看“时间轴预览”页；到“配置 / 事件”页修改黄色单元格。
A3: 生效方式 | B3: 保存并关闭工作簿后，重新开始本局或重新运行 run.tscn；游戏启动时直接读取此文件。
A4: 颜色含义 | B4: 黄色是人工输入；蓝色是联动公式；绿色是说明或分类。
A5: 输入规则 | B5: 关键参数和事件时间必须填写常量，不要在黄色输入格使用公式。
A6: 事件顺序 | B6: 事件按行顺序读取，请求时间必须从小到大或相等，事件ID不能为空。
A7: 预览范围 | B7: 食客与门的数字用于观察压力；曲线预览覆盖0～270秒，普通波次起止、阈值和三段间隔由配置页决定。
A8: 失败回退 | B8: 文件缺失、结构不符或数据非法时，游戏使用 data/timelines/vertical_slice.tres 并打印警告。
A9: 结构保护 | B9: schema_id 与 schema_version=2 用于防止旧结构或错误工作簿被当作当前时间轴读取。
A10: 临时文件 | B10: Excel 打开时产生的 ~$*.xlsx 不会被游戏读取，也不应提交到 Git。
